-- ============================================================================
-- HRMS Reference Data - Seed Script
-- Run order: 01 (before employee data)
-- ============================================================================

SET DEFINE OFF;

-- -----------------------------------------------------------------------
-- LOCATIONS
-- -----------------------------------------------------------------------
INSERT INTO LOCATIONS (LOCATION_CODE, LOCATION_NAME, ADDRESS_LINE1, CITY, STATE_PROVINCE, POSTAL_CODE, COUNTRY_CODE, PHONE, ACTIVE_FLAG, CREATED_BY, CREATED_DATE)
VALUES ('HQ', 'Corporate Headquarters', '100 Main Street', 'New York', 'NY', '10001', 'US', '212-555-1000', 'Y', 'SYSTEM', SYSDATE);

INSERT INTO LOCATIONS (LOCATION_CODE, LOCATION_NAME, ADDRESS_LINE1, CITY, STATE_PROVINCE, POSTAL_CODE, COUNTRY_CODE, PHONE, ACTIVE_FLAG, CREATED_BY, CREATED_DATE)
VALUES ('CHI', 'Chicago Regional Office', '200 Michigan Avenue', 'Chicago', 'IL', '60601', 'US', '312-555-2000', 'Y', 'SYSTEM', SYSDATE);

INSERT INTO LOCATIONS (LOCATION_CODE, LOCATION_NAME, ADDRESS_LINE1, CITY, STATE_PROVINCE, POSTAL_CODE, COUNTRY_CODE, PHONE, ACTIVE_FLAG, CREATED_BY, CREATED_DATE)
VALUES ('SF', 'San Francisco Branch', '50 California Street', 'San Francisco', 'CA', '94111', 'US', '415-555-3000', 'Y', 'SYSTEM', SYSDATE);

-- -----------------------------------------------------------------------
-- JOB GRADES
-- -----------------------------------------------------------------------
INSERT INTO JOB_GRADES (GRADE_ID, GRADE_NAME, GRADE_LEVEL, MIN_SALARY, MAX_SALARY, ACTIVE_FLAG, CREATED_BY, CREATED_DATE)
VALUES (1, 'Entry Level', 1, 35000, 55000, 'Y', 'SYSTEM', SYSDATE);
INSERT INTO JOB_GRADES (GRADE_ID, GRADE_NAME, GRADE_LEVEL, MIN_SALARY, MAX_SALARY, ACTIVE_FLAG, CREATED_BY, CREATED_DATE)
VALUES (2, 'Junior', 2, 45000, 70000, 'Y', 'SYSTEM', SYSDATE);
INSERT INTO JOB_GRADES (GRADE_ID, GRADE_NAME, GRADE_LEVEL, MIN_SALARY, MAX_SALARY, ACTIVE_FLAG, CREATED_BY, CREATED_DATE)
VALUES (3, 'Mid-Level', 3, 60000, 90000, 'Y', 'SYSTEM', SYSDATE);
INSERT INTO JOB_GRADES (GRADE_ID, GRADE_NAME, GRADE_LEVEL, MIN_SALARY, MAX_SALARY, ACTIVE_FLAG, CREATED_BY, CREATED_DATE)
VALUES (4, 'Senior', 4, 80000, 120000, 'Y', 'SYSTEM', SYSDATE);
INSERT INTO JOB_GRADES (GRADE_ID, GRADE_NAME, GRADE_LEVEL, MIN_SALARY, MAX_SALARY, ACTIVE_FLAG, CREATED_BY, CREATED_DATE)
VALUES (5, 'Lead', 5, 95000, 145000, 'Y', 'SYSTEM', SYSDATE);
INSERT INTO JOB_GRADES (GRADE_ID, GRADE_NAME, GRADE_LEVEL, MIN_SALARY, MAX_SALARY, ACTIVE_FLAG, CREATED_BY, CREATED_DATE)
VALUES (6, 'Manager', 6, 110000, 170000, 'Y', 'SYSTEM', SYSDATE);
INSERT INTO JOB_GRADES (GRADE_ID, GRADE_NAME, GRADE_LEVEL, MIN_SALARY, MAX_SALARY, ACTIVE_FLAG, CREATED_BY, CREATED_DATE)
VALUES (7, 'Senior Manager', 7, 130000, 200000, 'Y', 'SYSTEM', SYSDATE);
INSERT INTO JOB_GRADES (GRADE_ID, GRADE_NAME, GRADE_LEVEL, MIN_SALARY, MAX_SALARY, ACTIVE_FLAG, CREATED_BY, CREATED_DATE)
VALUES (8, 'Director', 8, 160000, 250000, 'Y', 'SYSTEM', SYSDATE);
INSERT INTO JOB_GRADES (GRADE_ID, GRADE_NAME, GRADE_LEVEL, MIN_SALARY, MAX_SALARY, ACTIVE_FLAG, CREATED_BY, CREATED_DATE)
VALUES (9, 'VP', 9, 200000, 350000, 'Y', 'SYSTEM', SYSDATE);
INSERT INTO JOB_GRADES (GRADE_ID, GRADE_NAME, GRADE_LEVEL, MIN_SALARY, MAX_SALARY, ACTIVE_FLAG, CREATED_BY, CREATED_DATE)
VALUES (10, 'C-Suite', 10, 300000, 600000, 'Y', 'SYSTEM', SYSDATE);

-- -----------------------------------------------------------------------
-- DEPARTMENTS
-- -----------------------------------------------------------------------
INSERT INTO DEPARTMENTS (DEPT_ID, DEPT_CODE, DEPT_NAME, COST_CENTER, PARENT_DEPT_ID, MANAGER_EMP_ID, LOCATION_CODE, ACTIVE_FLAG, CREATED_BY, CREATED_DATE)
VALUES (1, 'EXEC', 'Executive Office', 'CC-1000', NULL, NULL, 'HQ', 'Y', 'SYSTEM', SYSDATE);
INSERT INTO DEPARTMENTS (DEPT_ID, DEPT_CODE, DEPT_NAME, COST_CENTER, PARENT_DEPT_ID, MANAGER_EMP_ID, LOCATION_CODE, ACTIVE_FLAG, CREATED_BY, CREATED_DATE)
VALUES (10, 'HR', 'Human Resources', 'CC-1100', 1, NULL, 'HQ', 'Y', 'SYSTEM', SYSDATE);
INSERT INTO DEPARTMENTS (DEPT_ID, DEPT_CODE, DEPT_NAME, COST_CENTER, PARENT_DEPT_ID, MANAGER_EMP_ID, LOCATION_CODE, ACTIVE_FLAG, CREATED_BY, CREATED_DATE)
VALUES (20, 'FIN', 'Finance & Accounting', 'CC-1200', 1, NULL, 'HQ', 'Y', 'SYSTEM', SYSDATE);
INSERT INTO DEPARTMENTS (DEPT_ID, DEPT_CODE, DEPT_NAME, COST_CENTER, PARENT_DEPT_ID, MANAGER_EMP_ID, LOCATION_CODE, ACTIVE_FLAG, CREATED_BY, CREATED_DATE)
VALUES (30, 'IT', 'Information Technology', 'CC-1300', 1, NULL, 'CHI', 'Y', 'SYSTEM', SYSDATE);
INSERT INTO DEPARTMENTS (DEPT_ID, DEPT_CODE, DEPT_NAME, COST_CENTER, PARENT_DEPT_ID, MANAGER_EMP_ID, LOCATION_CODE, ACTIVE_FLAG, CREATED_BY, CREATED_DATE)
VALUES (31, 'ITDEV', 'IT - Development', 'CC-1310', 30, NULL, 'CHI', 'Y', 'SYSTEM', SYSDATE);
INSERT INTO DEPARTMENTS (DEPT_ID, DEPT_CODE, DEPT_NAME, COST_CENTER, PARENT_DEPT_ID, MANAGER_EMP_ID, LOCATION_CODE, ACTIVE_FLAG, CREATED_BY, CREATED_DATE)
VALUES (32, 'ITOPS', 'IT - Operations', 'CC-1320', 30, NULL, 'CHI', 'Y', 'SYSTEM', SYSDATE);
INSERT INTO DEPARTMENTS (DEPT_ID, DEPT_CODE, DEPT_NAME, COST_CENTER, PARENT_DEPT_ID, MANAGER_EMP_ID, LOCATION_CODE, ACTIVE_FLAG, CREATED_BY, CREATED_DATE)
VALUES (40, 'SALES', 'Sales', 'CC-1400', 1, NULL, 'SF', 'Y', 'SYSTEM', SYSDATE);
INSERT INTO DEPARTMENTS (DEPT_ID, DEPT_CODE, DEPT_NAME, COST_CENTER, PARENT_DEPT_ID, MANAGER_EMP_ID, LOCATION_CODE, ACTIVE_FLAG, CREATED_BY, CREATED_DATE)
VALUES (50, 'MKT', 'Marketing', 'CC-1500', 1, NULL, 'SF', 'Y', 'SYSTEM', SYSDATE);
INSERT INTO DEPARTMENTS (DEPT_ID, DEPT_CODE, DEPT_NAME, COST_CENTER, PARENT_DEPT_ID, MANAGER_EMP_ID, LOCATION_CODE, ACTIVE_FLAG, CREATED_BY, CREATED_DATE)
VALUES (60, 'OPS', 'Operations', 'CC-1600', 1, NULL, 'CHI', 'Y', 'SYSTEM', SYSDATE);
INSERT INTO DEPARTMENTS (DEPT_ID, DEPT_CODE, DEPT_NAME, COST_CENTER, PARENT_DEPT_ID, MANAGER_EMP_ID, LOCATION_CODE, ACTIVE_FLAG, CREATED_BY, CREATED_DATE)
VALUES (70, 'LEGAL', 'Legal & Compliance', 'CC-1700', 1, NULL, 'HQ', 'Y', 'SYSTEM', SYSDATE);

-- -----------------------------------------------------------------------
-- JOB TITLES
-- -----------------------------------------------------------------------
INSERT INTO JOB_TITLES (JOB_ID, JOB_CODE, JOB_TITLE, GRADE_ID, EEO_CATEGORY, ACTIVE_FLAG, CREATED_BY, CREATED_DATE) VALUES (1, 'CEO', 'Chief Executive Officer', 10, '1.1', 'Y', 'SYSTEM', SYSDATE);
INSERT INTO JOB_TITLES (JOB_ID, JOB_CODE, JOB_TITLE, GRADE_ID, EEO_CATEGORY, ACTIVE_FLAG, CREATED_BY, CREATED_DATE) VALUES (2, 'CFO', 'Chief Financial Officer', 10, '1.1', 'Y', 'SYSTEM', SYSDATE);
INSERT INTO JOB_TITLES (JOB_ID, JOB_CODE, JOB_TITLE, GRADE_ID, EEO_CATEGORY, ACTIVE_FLAG, CREATED_BY, CREATED_DATE) VALUES (3, 'CIO', 'Chief Information Officer', 10, '1.1', 'Y', 'SYSTEM', SYSDATE);
INSERT INTO JOB_TITLES (JOB_ID, JOB_CODE, JOB_TITLE, GRADE_ID, EEO_CATEGORY, ACTIVE_FLAG, CREATED_BY, CREATED_DATE) VALUES (10, 'VP-HR', 'VP of Human Resources', 9, '1.1', 'Y', 'SYSTEM', SYSDATE);
INSERT INTO JOB_TITLES (JOB_ID, JOB_CODE, JOB_TITLE, GRADE_ID, EEO_CATEGORY, ACTIVE_FLAG, CREATED_BY, CREATED_DATE) VALUES (11, 'VP-FIN', 'VP of Finance', 9, '1.1', 'Y', 'SYSTEM', SYSDATE);
INSERT INTO JOB_TITLES (JOB_ID, JOB_CODE, JOB_TITLE, GRADE_ID, EEO_CATEGORY, ACTIVE_FLAG, CREATED_BY, CREATED_DATE) VALUES (12, 'VP-SALES', 'VP of Sales', 9, '1.1', 'Y', 'SYSTEM', SYSDATE);
INSERT INTO JOB_TITLES (JOB_ID, JOB_CODE, JOB_TITLE, GRADE_ID, EEO_CATEGORY, ACTIVE_FLAG, CREATED_BY, CREATED_DATE) VALUES (20, 'DIR-IT', 'Director of IT', 8, '1.2', 'Y', 'SYSTEM', SYSDATE);
INSERT INTO JOB_TITLES (JOB_ID, JOB_CODE, JOB_TITLE, GRADE_ID, EEO_CATEGORY, ACTIVE_FLAG, CREATED_BY, CREATED_DATE) VALUES (21, 'DIR-HR', 'Director of HR', 8, '1.2', 'Y', 'SYSTEM', SYSDATE);
INSERT INTO JOB_TITLES (JOB_ID, JOB_CODE, JOB_TITLE, GRADE_ID, EEO_CATEGORY, ACTIVE_FLAG, CREATED_BY, CREATED_DATE) VALUES (30, 'MGR-DEV', 'Development Manager', 6, '1.2', 'Y', 'SYSTEM', SYSDATE);
INSERT INTO JOB_TITLES (JOB_ID, JOB_CODE, JOB_TITLE, GRADE_ID, EEO_CATEGORY, ACTIVE_FLAG, CREATED_BY, CREATED_DATE) VALUES (31, 'MGR-OPS', 'Operations Manager', 6, '1.2', 'Y', 'SYSTEM', SYSDATE);
INSERT INTO JOB_TITLES (JOB_ID, JOB_CODE, JOB_TITLE, GRADE_ID, EEO_CATEGORY, ACTIVE_FLAG, CREATED_BY, CREATED_DATE) VALUES (32, 'MGR-PAY', 'Payroll Manager', 6, '1.2', 'Y', 'SYSTEM', SYSDATE);
INSERT INTO JOB_TITLES (JOB_ID, JOB_CODE, JOB_TITLE, GRADE_ID, EEO_CATEGORY, ACTIVE_FLAG, CREATED_BY, CREATED_DATE) VALUES (33, 'MGR-SALES', 'Sales Manager', 6, '1.2', 'Y', 'SYSTEM', SYSDATE);
INSERT INTO JOB_TITLES (JOB_ID, JOB_CODE, JOB_TITLE, GRADE_ID, EEO_CATEGORY, ACTIVE_FLAG, CREATED_BY, CREATED_DATE) VALUES (40, 'SR-DEV', 'Senior Developer', 4, '2.0', 'Y', 'SYSTEM', SYSDATE);
INSERT INTO JOB_TITLES (JOB_ID, JOB_CODE, JOB_TITLE, GRADE_ID, EEO_CATEGORY, ACTIVE_FLAG, CREATED_BY, CREATED_DATE) VALUES (41, 'SR-DBA', 'Senior DBA', 4, '2.0', 'Y', 'SYSTEM', SYSDATE);
INSERT INTO JOB_TITLES (JOB_ID, JOB_CODE, JOB_TITLE, GRADE_ID, EEO_CATEGORY, ACTIVE_FLAG, CREATED_BY, CREATED_DATE) VALUES (42, 'SR-ACCT', 'Senior Accountant', 4, '2.0', 'Y', 'SYSTEM', SYSDATE);
INSERT INTO JOB_TITLES (JOB_ID, JOB_CODE, JOB_TITLE, GRADE_ID, EEO_CATEGORY, ACTIVE_FLAG, CREATED_BY, CREATED_DATE) VALUES (43, 'SR-SALES', 'Senior Sales Rep', 4, '2.0', 'Y', 'SYSTEM', SYSDATE);
INSERT INTO JOB_TITLES (JOB_ID, JOB_CODE, JOB_TITLE, GRADE_ID, EEO_CATEGORY, ACTIVE_FLAG, CREATED_BY, CREATED_DATE) VALUES (50, 'DEV', 'Software Developer', 3, '2.0', 'Y', 'SYSTEM', SYSDATE);
INSERT INTO JOB_TITLES (JOB_ID, JOB_CODE, JOB_TITLE, GRADE_ID, EEO_CATEGORY, ACTIVE_FLAG, CREATED_BY, CREATED_DATE) VALUES (51, 'QA', 'QA Analyst', 3, '2.0', 'Y', 'SYSTEM', SYSDATE);
INSERT INTO JOB_TITLES (JOB_ID, JOB_CODE, JOB_TITLE, GRADE_ID, EEO_CATEGORY, ACTIVE_FLAG, CREATED_BY, CREATED_DATE) VALUES (52, 'ACCT', 'Accountant', 3, '2.0', 'Y', 'SYSTEM', SYSDATE);
INSERT INTO JOB_TITLES (JOB_ID, JOB_CODE, JOB_TITLE, GRADE_ID, EEO_CATEGORY, ACTIVE_FLAG, CREATED_BY, CREATED_DATE) VALUES (53, 'HR-SPEC', 'HR Specialist', 3, '2.0', 'Y', 'SYSTEM', SYSDATE);
INSERT INTO JOB_TITLES (JOB_ID, JOB_CODE, JOB_TITLE, GRADE_ID, EEO_CATEGORY, ACTIVE_FLAG, CREATED_BY, CREATED_DATE) VALUES (54, 'SALES-REP', 'Sales Representative', 3, '2.0', 'Y', 'SYSTEM', SYSDATE);
INSERT INTO JOB_TITLES (JOB_ID, JOB_CODE, JOB_TITLE, GRADE_ID, EEO_CATEGORY, ACTIVE_FLAG, CREATED_BY, CREATED_DATE) VALUES (60, 'JR-DEV', 'Junior Developer', 2, '2.0', 'Y', 'SYSTEM', SYSDATE);
INSERT INTO JOB_TITLES (JOB_ID, JOB_CODE, JOB_TITLE, GRADE_ID, EEO_CATEGORY, ACTIVE_FLAG, CREATED_BY, CREATED_DATE) VALUES (61, 'HR-ASST', 'HR Assistant', 2, '5.0', 'Y', 'SYSTEM', SYSDATE);
INSERT INTO JOB_TITLES (JOB_ID, JOB_CODE, JOB_TITLE, GRADE_ID, EEO_CATEGORY, ACTIVE_FLAG, CREATED_BY, CREATED_DATE) VALUES (62, 'ACCT-CLK', 'Accounting Clerk', 2, '5.0', 'Y', 'SYSTEM', SYSDATE);
INSERT INTO JOB_TITLES (JOB_ID, JOB_CODE, JOB_TITLE, GRADE_ID, EEO_CATEGORY, ACTIVE_FLAG, CREATED_BY, CREATED_DATE) VALUES (70, 'INTERN', 'Intern', 1, '2.0', 'Y', 'SYSTEM', SYSDATE);
INSERT INTO JOB_TITLES (JOB_ID, JOB_CODE, JOB_TITLE, GRADE_ID, EEO_CATEGORY, ACTIVE_FLAG, CREATED_BY, CREATED_DATE) VALUES (71, 'RECEPT', 'Receptionist', 1, '5.0', 'Y', 'SYSTEM', SYSDATE);

-- -----------------------------------------------------------------------
-- LEAVE TYPES
-- -----------------------------------------------------------------------
INSERT INTO LEAVE_TYPES (LEAVE_TYPE_ID, LEAVE_TYPE_CODE, LEAVE_TYPE_NAME, ACCRUAL_FLAG, ACCRUAL_RATE, ACCRUAL_FREQUENCY, MAX_BALANCE, CARRYOVER_MAX, CARRYOVER_EXPIRY, REQUIRES_APPROVAL, MIN_TENURE_DAYS, ACTIVE_FLAG, CREATED_BY, CREATED_DATE)
VALUES (1, 'PTO', 'Paid Time Off', 'Y', 1.25, 'MONTHLY', 20, 5, 3, 'Y', 0, 'Y', 'SYSTEM', SYSDATE);

INSERT INTO LEAVE_TYPES (LEAVE_TYPE_ID, LEAVE_TYPE_CODE, LEAVE_TYPE_NAME, ACCRUAL_FLAG, ACCRUAL_RATE, ACCRUAL_FREQUENCY, MAX_BALANCE, CARRYOVER_MAX, CARRYOVER_EXPIRY, REQUIRES_APPROVAL, MIN_TENURE_DAYS, ACTIVE_FLAG, CREATED_BY, CREATED_DATE)
VALUES (2, 'SICK', 'Sick Leave', 'Y', 0.833, 'MONTHLY', 10, 10, NULL, 'Y', 0, 'Y', 'SYSTEM', SYSDATE);

INSERT INTO LEAVE_TYPES (LEAVE_TYPE_ID, LEAVE_TYPE_CODE, LEAVE_TYPE_NAME, ACCRUAL_FLAG, ACCRUAL_RATE, ACCRUAL_FREQUENCY, MAX_BALANCE, CARRYOVER_MAX, CARRYOVER_EXPIRY, REQUIRES_APPROVAL, MIN_TENURE_DAYS, ACTIVE_FLAG, CREATED_BY, CREATED_DATE)
VALUES (3, 'COMP', 'Compensatory Time', 'N', NULL, NULL, NULL, 0, NULL, 'Y', 90, 'Y', 'SYSTEM', SYSDATE);

INSERT INTO LEAVE_TYPES (LEAVE_TYPE_ID, LEAVE_TYPE_CODE, LEAVE_TYPE_NAME, ACCRUAL_FLAG, ACCRUAL_RATE, ACCRUAL_FREQUENCY, MAX_BALANCE, CARRYOVER_MAX, CARRYOVER_EXPIRY, REQUIRES_APPROVAL, MIN_TENURE_DAYS, ACTIVE_FLAG, CREATED_BY, CREATED_DATE)
VALUES (4, 'FMLA', 'Family Medical Leave', 'N', NULL, NULL, NULL, 0, NULL, 'Y', 365, 'Y', 'SYSTEM', SYSDATE);

INSERT INTO LEAVE_TYPES (LEAVE_TYPE_ID, LEAVE_TYPE_CODE, LEAVE_TYPE_NAME, ACCRUAL_FLAG, ACCRUAL_RATE, ACCRUAL_FREQUENCY, MAX_BALANCE, CARRYOVER_MAX, CARRYOVER_EXPIRY, REQUIRES_APPROVAL, MIN_TENURE_DAYS, ACTIVE_FLAG, CREATED_BY, CREATED_DATE)
VALUES (5, 'JURY', 'Jury Duty', 'N', NULL, NULL, NULL, 0, NULL, 'N', 0, 'Y', 'SYSTEM', SYSDATE);

INSERT INTO LEAVE_TYPES (LEAVE_TYPE_ID, LEAVE_TYPE_CODE, LEAVE_TYPE_NAME, ACCRUAL_FLAG, ACCRUAL_RATE, ACCRUAL_FREQUENCY, MAX_BALANCE, CARRYOVER_MAX, CARRYOVER_EXPIRY, REQUIRES_APPROVAL, MIN_TENURE_DAYS, ACTIVE_FLAG, CREATED_BY, CREATED_DATE)
VALUES (6, 'BEREAVE', 'Bereavement', 'N', NULL, NULL, NULL, 0, NULL, 'N', 0, 'Y', 'SYSTEM', SYSDATE);

-- -----------------------------------------------------------------------
-- PAY ELEMENTS
-- -----------------------------------------------------------------------
INSERT INTO PAY_ELEMENTS (ELEMENT_ID, ELEMENT_CODE, ELEMENT_NAME, ELEMENT_TYPE, CALCULATION_TYPE, DEFAULT_AMOUNT, DEFAULT_PERCENTAGE, GL_ACCOUNT_CODE, PRIORITY_ORDER, PRETAX_FLAG, ACTIVE_FLAG, CREATED_BY, CREATED_DATE)
VALUES (1, 'BASE_PAY', 'Base Salary', 'EARNING', 'FLAT', NULL, NULL, '5100-100', 1, 'N', 'Y', 'SYSTEM', SYSDATE);

INSERT INTO PAY_ELEMENTS (ELEMENT_ID, ELEMENT_CODE, ELEMENT_NAME, ELEMENT_TYPE, CALCULATION_TYPE, DEFAULT_AMOUNT, DEFAULT_PERCENTAGE, GL_ACCOUNT_CODE, PRIORITY_ORDER, PRETAX_FLAG, ACTIVE_FLAG, CREATED_BY, CREATED_DATE)
VALUES (100, 'FED_TAX', 'Federal Income Tax', 'TAX', 'FORMULA', NULL, NULL, '2100-100', 10, 'N', 'Y', 'SYSTEM', SYSDATE);

INSERT INTO PAY_ELEMENTS (ELEMENT_ID, ELEMENT_CODE, ELEMENT_NAME, ELEMENT_TYPE, CALCULATION_TYPE, DEFAULT_AMOUNT, DEFAULT_PERCENTAGE, GL_ACCOUNT_CODE, PRIORITY_ORDER, PRETAX_FLAG, ACTIVE_FLAG, CREATED_BY, CREATED_DATE)
VALUES (101, 'STATE_TAX', 'State Income Tax', 'TAX', 'FORMULA', NULL, NULL, '2100-200', 11, 'N', 'Y', 'SYSTEM', SYSDATE);

INSERT INTO PAY_ELEMENTS (ELEMENT_ID, ELEMENT_CODE, ELEMENT_NAME, ELEMENT_TYPE, CALCULATION_TYPE, DEFAULT_AMOUNT, DEFAULT_PERCENTAGE, GL_ACCOUNT_CODE, PRIORITY_ORDER, PRETAX_FLAG, ACTIVE_FLAG, CREATED_BY, CREATED_DATE)
VALUES (102, 'FICA', 'Social Security (FICA)', 'TAX', 'FORMULA', NULL, NULL, '2100-300', 12, 'N', 'Y', 'SYSTEM', SYSDATE);

INSERT INTO PAY_ELEMENTS (ELEMENT_ID, ELEMENT_CODE, ELEMENT_NAME, ELEMENT_TYPE, CALCULATION_TYPE, DEFAULT_AMOUNT, DEFAULT_PERCENTAGE, GL_ACCOUNT_CODE, PRIORITY_ORDER, PRETAX_FLAG, ACTIVE_FLAG, CREATED_BY, CREATED_DATE)
VALUES (103, 'MEDICARE', 'Medicare', 'TAX', 'FORMULA', NULL, NULL, '2100-400', 13, 'N', 'Y', 'SYSTEM', SYSDATE);

INSERT INTO PAY_ELEMENTS (ELEMENT_ID, ELEMENT_CODE, ELEMENT_NAME, ELEMENT_TYPE, CALCULATION_TYPE, DEFAULT_AMOUNT, DEFAULT_PERCENTAGE, GL_ACCOUNT_CODE, PRIORITY_ORDER, PRETAX_FLAG, ACTIVE_FLAG, CREATED_BY, CREATED_DATE)
VALUES (200, '401K_EE', '401(k) Employee Contribution', 'DEDUCTION', 'PERCENTAGE', NULL, 6, '2200-100', 20, 'Y', 'Y', 'SYSTEM', SYSDATE);

INSERT INTO PAY_ELEMENTS (ELEMENT_ID, ELEMENT_CODE, ELEMENT_NAME, ELEMENT_TYPE, CALCULATION_TYPE, DEFAULT_AMOUNT, DEFAULT_PERCENTAGE, GL_ACCOUNT_CODE, PRIORITY_ORDER, PRETAX_FLAG, ACTIVE_FLAG, CREATED_BY, CREATED_DATE)
VALUES (201, 'MED_EE', 'Medical Insurance (Employee)', 'BENEFIT', 'FLAT', 250, NULL, '2200-200', 21, 'Y', 'Y', 'SYSTEM', SYSDATE);

INSERT INTO PAY_ELEMENTS (ELEMENT_ID, ELEMENT_CODE, ELEMENT_NAME, ELEMENT_TYPE, CALCULATION_TYPE, DEFAULT_AMOUNT, DEFAULT_PERCENTAGE, GL_ACCOUNT_CODE, PRIORITY_ORDER, PRETAX_FLAG, ACTIVE_FLAG, CREATED_BY, CREATED_DATE)
VALUES (202, 'DENTAL_EE', 'Dental Insurance (Employee)', 'BENEFIT', 'FLAT', 45, NULL, '2200-300', 22, 'Y', 'Y', 'SYSTEM', SYSDATE);

INSERT INTO PAY_ELEMENTS (ELEMENT_ID, ELEMENT_CODE, ELEMENT_NAME, ELEMENT_TYPE, CALCULATION_TYPE, DEFAULT_AMOUNT, DEFAULT_PERCENTAGE, GL_ACCOUNT_CODE, PRIORITY_ORDER, PRETAX_FLAG, ACTIVE_FLAG, CREATED_BY, CREATED_DATE)
VALUES (203, 'VISION_EE', 'Vision Insurance (Employee)', 'BENEFIT', 'FLAT', 15, NULL, '2200-400', 23, 'Y', 'Y', 'SYSTEM', SYSDATE);

INSERT INTO PAY_ELEMENTS (ELEMENT_ID, ELEMENT_CODE, ELEMENT_NAME, ELEMENT_TYPE, CALCULATION_TYPE, DEFAULT_AMOUNT, DEFAULT_PERCENTAGE, GL_ACCOUNT_CODE, PRIORITY_ORDER, PRETAX_FLAG, ACTIVE_FLAG, CREATED_BY, CREATED_DATE)
VALUES (204, 'LIFE_INS', 'Life Insurance', 'BENEFIT', 'FLAT', 25, NULL, '2200-500', 24, 'N', 'Y', 'SYSTEM', SYSDATE);

INSERT INTO PAY_ELEMENTS (ELEMENT_ID, ELEMENT_CODE, ELEMENT_NAME, ELEMENT_TYPE, CALCULATION_TYPE, DEFAULT_AMOUNT, DEFAULT_PERCENTAGE, GL_ACCOUNT_CODE, PRIORITY_ORDER, PRETAX_FLAG, ACTIVE_FLAG, CREATED_BY, CREATED_DATE)
VALUES (205, 'HSA', 'Health Savings Account', 'DEDUCTION', 'FLAT', 150, NULL, '2200-600', 25, 'Y', 'Y', 'SYSTEM', SYSDATE);

-- -----------------------------------------------------------------------
-- HOLIDAYS (2024-2025)
-- -----------------------------------------------------------------------
INSERT INTO HOLIDAYS (HOLIDAY_ID, HOLIDAY_NAME, HOLIDAY_DATE, LOCATION_CODE, ACTIVE_FLAG, CREATED_BY, CREATED_DATE)
VALUES (1, 'New Year''s Day', TO_DATE('2024-01-01', 'YYYY-MM-DD'), NULL, 'Y', 'SYSTEM', SYSDATE);
INSERT INTO HOLIDAYS (HOLIDAY_ID, HOLIDAY_NAME, HOLIDAY_DATE, LOCATION_CODE, ACTIVE_FLAG, CREATED_BY, CREATED_DATE)
VALUES (2, 'Martin Luther King Jr. Day', TO_DATE('2024-01-15', 'YYYY-MM-DD'), NULL, 'Y', 'SYSTEM', SYSDATE);
INSERT INTO HOLIDAYS (HOLIDAY_ID, HOLIDAY_NAME, HOLIDAY_DATE, LOCATION_CODE, ACTIVE_FLAG, CREATED_BY, CREATED_DATE)
VALUES (3, 'Presidents'' Day', TO_DATE('2024-02-19', 'YYYY-MM-DD'), NULL, 'Y', 'SYSTEM', SYSDATE);
INSERT INTO HOLIDAYS (HOLIDAY_ID, HOLIDAY_NAME, HOLIDAY_DATE, LOCATION_CODE, ACTIVE_FLAG, CREATED_BY, CREATED_DATE)
VALUES (4, 'Memorial Day', TO_DATE('2024-05-27', 'YYYY-MM-DD'), NULL, 'Y', 'SYSTEM', SYSDATE);
INSERT INTO HOLIDAYS (HOLIDAY_ID, HOLIDAY_NAME, HOLIDAY_DATE, LOCATION_CODE, ACTIVE_FLAG, CREATED_BY, CREATED_DATE)
VALUES (5, 'Independence Day', TO_DATE('2024-07-04', 'YYYY-MM-DD'), NULL, 'Y', 'SYSTEM', SYSDATE);
INSERT INTO HOLIDAYS (HOLIDAY_ID, HOLIDAY_NAME, HOLIDAY_DATE, LOCATION_CODE, ACTIVE_FLAG, CREATED_BY, CREATED_DATE)
VALUES (6, 'Labor Day', TO_DATE('2024-09-02', 'YYYY-MM-DD'), NULL, 'Y', 'SYSTEM', SYSDATE);
INSERT INTO HOLIDAYS (HOLIDAY_ID, HOLIDAY_NAME, HOLIDAY_DATE, LOCATION_CODE, ACTIVE_FLAG, CREATED_BY, CREATED_DATE)
VALUES (7, 'Thanksgiving', TO_DATE('2024-11-28', 'YYYY-MM-DD'), NULL, 'Y', 'SYSTEM', SYSDATE);
INSERT INTO HOLIDAYS (HOLIDAY_ID, HOLIDAY_NAME, HOLIDAY_DATE, LOCATION_CODE, ACTIVE_FLAG, CREATED_BY, CREATED_DATE)
VALUES (8, 'Day After Thanksgiving', TO_DATE('2024-11-29', 'YYYY-MM-DD'), NULL, 'Y', 'SYSTEM', SYSDATE);
INSERT INTO HOLIDAYS (HOLIDAY_ID, HOLIDAY_NAME, HOLIDAY_DATE, LOCATION_CODE, ACTIVE_FLAG, CREATED_BY, CREATED_DATE)
VALUES (9, 'Christmas Eve', TO_DATE('2024-12-24', 'YYYY-MM-DD'), NULL, 'Y', 'SYSTEM', SYSDATE);
INSERT INTO HOLIDAYS (HOLIDAY_ID, HOLIDAY_NAME, HOLIDAY_DATE, LOCATION_CODE, ACTIVE_FLAG, CREATED_BY, CREATED_DATE)
VALUES (10, 'Christmas Day', TO_DATE('2024-12-25', 'YYYY-MM-DD'), NULL, 'Y', 'SYSTEM', SYSDATE);

-- -----------------------------------------------------------------------
-- SYSTEM PARAMETERS
-- -----------------------------------------------------------------------
INSERT INTO SYSTEM_PARAMETERS (PARAM_ID, PARAM_GROUP, PARAM_CODE, PARAM_VALUE, DESCRIPTION, EDITABLE_FLAG, CREATED_BY, CREATED_DATE)
VALUES (1, 'SYSTEM', 'APP_VERSION', '4.2.0', 'Application version', 'N', 'SYSTEM', SYSDATE);
INSERT INTO SYSTEM_PARAMETERS (PARAM_ID, PARAM_GROUP, PARAM_CODE, PARAM_VALUE, DESCRIPTION, EDITABLE_FLAG, CREATED_BY, CREATED_DATE)
VALUES (2, 'SYSTEM', 'COMPANY_NAME', 'Acme Corporation', 'Company name', 'Y', 'SYSTEM', SYSDATE);
INSERT INTO SYSTEM_PARAMETERS (PARAM_ID, PARAM_GROUP, PARAM_CODE, PARAM_VALUE, DESCRIPTION, EDITABLE_FLAG, CREATED_BY, CREATED_DATE)
VALUES (3, 'PAYROLL', 'DEFAULT_PAY_FREQUENCY', 'MONTHLY', 'Default payroll frequency', 'Y', 'SYSTEM', SYSDATE);
INSERT INTO SYSTEM_PARAMETERS (PARAM_ID, PARAM_GROUP, PARAM_CODE, PARAM_VALUE, DESCRIPTION, EDITABLE_FLAG, CREATED_BY, CREATED_DATE)
VALUES (4, 'PAYROLL', 'FISCAL_YEAR_START', '10', 'Fiscal year start month', 'Y', 'SYSTEM', SYSDATE);
INSERT INTO SYSTEM_PARAMETERS (PARAM_ID, PARAM_GROUP, PARAM_CODE, PARAM_VALUE, DESCRIPTION, EDITABLE_FLAG, CREATED_BY, CREATED_DATE)
VALUES (5, 'SECURITY', 'SESSION_TIMEOUT_MIN', '30', 'Session timeout in minutes', 'Y', 'SYSTEM', SYSDATE);
INSERT INTO SYSTEM_PARAMETERS (PARAM_ID, PARAM_GROUP, PARAM_CODE, PARAM_VALUE, DESCRIPTION, EDITABLE_FLAG, CREATED_BY, CREATED_DATE)
VALUES (6, 'SECURITY', 'PASSWORD_MIN_LENGTH', '8', 'Minimum password length', 'Y', 'SYSTEM', SYSDATE);
INSERT INTO SYSTEM_PARAMETERS (PARAM_ID, PARAM_GROUP, PARAM_CODE, PARAM_VALUE, DESCRIPTION, EDITABLE_FLAG, CREATED_BY, CREATED_DATE)
VALUES (7, 'NOTIFICATION', 'SMTP_HOST', 'smtp.internal.company.com', 'SMTP server hostname', 'Y', 'SYSTEM', SYSDATE);
INSERT INTO SYSTEM_PARAMETERS (PARAM_ID, PARAM_GROUP, PARAM_CODE, PARAM_VALUE, DESCRIPTION, EDITABLE_FLAG, CREATED_BY, CREATED_DATE)
VALUES (8, 'NOTIFICATION', 'FROM_ADDRESS', 'hrms-noreply@company.com', 'Default from address', 'Y', 'SYSTEM', SYSDATE);
INSERT INTO SYSTEM_PARAMETERS (PARAM_ID, PARAM_GROUP, PARAM_CODE, PARAM_VALUE, DESCRIPTION, EDITABLE_FLAG, CREATED_BY, CREATED_DATE)
VALUES (9, 'INTEGRATION', 'GL_FEED_STATUS', 'ACTIVE', 'GL integration status', 'Y', 'SYSTEM', SYSDATE);
INSERT INTO SYSTEM_PARAMETERS (PARAM_ID, PARAM_GROUP, PARAM_CODE, PARAM_VALUE, DESCRIPTION, EDITABLE_FLAG, CREATED_BY, CREATED_DATE)
VALUES (10, 'INTEGRATION', 'BENEFITS_FEED_STATUS', 'ACTIVE', 'Benefits feed status', 'Y', 'SYSTEM', SYSDATE);

COMMIT;
